,sst,sst_lag_1d,sst_lag_2d,sst_lag_4d,sst_lag_7d,tp_mm_daily,tp_mm_daily_lag_1d,tp_mm_daily_lag_2d,tp_mm_daily_lag_4d,tp_mm_daily_lag_7d,mhw,mhw_lag_1d,mhw_lag_2d,mhw_lag_4d,mhw_lag_7d,sst_anom,sst_anom_lag_1d,sst_anom_lag_2d,sst_anom_lag_4d,sst_anom_lag_7d,tsm,tsm_lag_1d,tsm_lag_2d,tsm_lag_4d,tsm_lag_7d,chl,land_cov_near,ecoli_2class
57118,19.829987,19.649994,19.459991,18.980011,18.459991,0.0023841858,0.0,0.02527237,0.0,0.049591064,1.0,1.0,1.0,0.0,0.0,1.5441895,1.4368286,1.3815613,1.0952759,0.7526245,16.271137237548828,12.474272727966309,7.827479362487793,4.038503170013428,5.360779762268066,10.265862464904785,190,Caution
10387,17.410004,16.929993,16.089996,14.850006,14.170013,0.0,0.0,0.0,0.0,0.82683563,0.0,0.0,0.0,0.0,0.0,1.8173828,1.4126282,0.6447449,-0.5373535,-0.9673462,0.5862516164779663,0.4935854971408844,0.8915730714797974,0.4800199866294861,0.7317436933517456,0.7787004709243774,11,Good
32167,17.339996,17.23999,16.98999,16.269989,15.98999,0.0,0.0,0.00047683716,0.12731552,11.0144615,2.0,1.0,0.0,0.0,0.0,1.2799988,1.2452393,1.0505066,0.44000244,0.28631592,3.2266132831573486,0.8136119842529297,0.8135312795639038,2.2693119049072266,2.1100316047668457,2.729940414428711,190,Caution
74135,14.859985,14.839996,14.639984,13.950012,13.700012,0.06484985,0.0,0.0,0.0,2.8104782,0.0,0.0,0.0,0.0,0.0,1.0678711,1.1452637,1.041565,0.4963379,0.57159424,2.2743515968322754,2.8740367889404297,2.226107597351074,0.7107324004173279,1.9872578382492065,9.50721263885498,210,Good
17196,18.290009,18.179993,17.950012,17.889984,16.73999,7.245064,1.0147095,0.0,0.0023841858,0.9431839,1.0,1.0,1.0,1.0,1.0,2.907898,2.8721008,2.7215881,2.8499756,1.8873596,1.8417083024978638,2.3036932945251465,2.0898725986480713,2.355917453765869,2.162895917892456,2.0779545307159424,190,Good
70932,15.389984,15.269989,15.029999,14.160004,14.440002,1.185894,0.07867813,1.142025,2.7689934,0.020980835,1.0,1.0,1.0,0.0,0.0,0.8499756,0.6542053,0.3326416,-0.6199951,-0.5026245,0.5213747620582581,0.26487064361572266,0.5254305601119995,0.5516217947006226,2.3171961307525635,1.3529491424560547,11,Good
64633,20.880005,21.029999,21.0,21.130005,21.709991,0.15163422,0.9422302,0.13542175,0.008106232,2.3107529,3.0,2.0,2.0,2.0,2.0,2.3373718,2.464203,2.450531,2.550537,3.119995,5.495065689086914,2.9201369285583496,3.3567166328430176,5.566799163818359,19.90000343322754,4.601316452026367,190,Good
33877,18.970001,18.820007,19.130005,19.220001,19.040009,0.0,0.4529953,7.835388,3.2496452,0.0,0.0,0.0,0.0,0.0,0.0,0.6536865,0.50476074,0.7973633,0.8694763,0.6815796,21.343019485473633,25.363086700439453,7.406350612640381,8.358491897583008,5.4079670906066895,6.9001569747924805,190,Good
13444,17.529999,17.769989,17.959991,17.959991,17.73999,2.399683,0.48971176,3.2930374,0.0019073486,0.0,0.0,0.0,1.0,0.0,0.0,0.070007324,0.26150513,0.43447876,0.41098022,0.11682129,1.1323895454406738,1.2128080129623413,0.9370496273040771,0.671803891658783,0.6403429508209229,1.3642045259475708,11,Good
57052,20.160004,19.959991,19.889984,19.029999,18.320007,0.12111664,0.0,0.0019073486,0.0,0.005722046,3.0,3.0,2.0,1.0,1.0,3.0968323,3.0189514,3.0,2.2289429,1.6489563,1.5570530891418457,1.8322014808654785,2.143472909927368,2.9893500804901123,1.9097602367401123,2.8897573947906494,190,Caution
53228,19.309998,19.059998,19.160004,19.01001,18.920013,0.07677078,0.0,0.27942657,0.024795532,0.07915497,2.0,2.0,2.0,2.0,1.0,1.8894653,1.685791,1.8510437,1.7173767,1.8184509,1.8653497695922852,1.8434714078903198,0.798789918422699,5.486748695373535,2.2793619632720947,1.9106708765029907,190,Good
4152,16.160004,16.01001,15.779999,15.639984,14.850006,0.21028519,0.0,0.0,0.00047683716,0.52690506,0.0,0.0,0.0,0.0,0.0,-0.5021057,-0.59155273,-0.75790405,-0.7984314,-1.3873596,0.3700946867465973,0.36486881971359253,0.37716102600097656,0.2627545893192291,0.17537248134613037,0.9712690114974976,200,Good
58166,18.089996,18.230011,18.119995,17.649994,18.290009,0.0076293945,0.032424927,0.00667572,6.643772,1.1563301,0.0,0.0,0.0,0.0,0.0,-0.15158081,-0.021026611,-0.1347351,-0.48736572,0.29684448,2.435631036758423,15.247407913208008,11.974522590637207,1.8413277864456177,7.539944648742676,3.0210747718811035,190,Good
72820,14.0,14.26001,14.130005,13.779999,13.029999,0.48303604,0.87070465,0.34570694,0.084877014,0.30755997,2.0,2.0,2.0,1.0,1.0,2.0331726,2.4136963,2.3710632,2.215271,1.5857849,0.2763170599937439,0.42883336544036865,0.4797723889350891,0.5520926117897034,0.9297458529472351,0.6105979681015015,190,Good
24500,14.790009,15.089996,15.230011,15.139984,15.01001,0.8378029,1.308918,0.1821518,8.005619,0.0,0.0,0.0,0.0,0.0,0.0,-0.3336792,-0.07788086,0.0647583,0.112091064,0.2326355,0.25239744782447815,0.7777057886123657,0.4000469446182251,0.6475071907043457,0.32985159754753113,0.6929184794425964,130,Good
78528,13.480011,12.910004,12.889984,12.470001,12.480011,0.0,0.0,0.0,0.08583069,6.6776276,1.0,1.0,2.0,1.0,1.0,1.8773804,1.3721008,1.4678955,1.2168579,1.5236816,0.2913537621498108,0.26537081599235535,0.4680851697921753,0.661958634853363,0.7699598670005798,0.5393238663673401,190,Good
31088,16.600006,16.559998,16.75,16.980011,15.709991,5.0444603,3.771305,0.5092621,1.7514229,3.024578,0.0,0.0,0.0,0.0,0.0,1.371582,1.4142151,1.6668396,2.0615845,1.0889282,1.4038891792297363,0.676095187664032,1.6124837398529053,1.8463134765625,2.5601186752319336,1.4457390308380127,190,Good
67230,15.350006,15.339996,15.369995,15.049988,14.839996,0.0,0.0,0.0019073486,0.00047683716,0.0,2.0,2.0,2.0,2.0,2.0,1.5878906,1.665802,1.7879028,1.6784058,1.7542114,2.717106342315674,2.406266927719116,2.316429615020752,2.293545961380005,2.4006881713867188,4.519196510314941,210,Caution
29841,13.089996,12.970001,13.019989,13.25,12.679993,0.0047683716,0.00667572,0.006198883,0.0042915344,0.5874634,0.0,0.0,0.0,0.0,0.0,0.2663269,0.26211548,0.44210815,0.98526,0.7457886,0.949887752532959,0.6395049095153809,0.8485576510429382,0.4862750172615051,0.2134605497121811,1.6258032321929932,130,Good
68202,17.380005,17.380005,17.329987,17.190002,17.040009,0.44107437,0.24223328,0.1244545,0.1654625,8.425713,2.0,2.0,2.0,2.0,1.0,2.7015686,2.7068481,2.655243,2.6515808,2.5710754,0.3484106957912445,0.43441829085350037,0.42155954241752625,0.37700727581977844,0.5782901048660278,0.5415319800376892,210,Good
64088,20.559998,20.429993,20.359985,20.160004,20.200012,0.0,0.0,0.0,0.0,0.0,3.0,2.0,2.0,2.0,2.0,2.9036865,2.7973633,2.7436829,2.6100159,2.8658142,1.1204843521118164,1.251065731048584,1.5921021699905396,1.4608426094055176,1.9060393571853638,1.385298252105713,190,Good
7173,9.380005,9.209991,9.029999,8.540009,8.329987,0.4582405,0.0,0.0,0.0,1.0442734,0.0,0.0,0.0,0.0,0.0,-0.87893677,-0.980011,-1.0815735,-1.3862915,-1.2731628,3.6164517402648926,1.8934907913208008,3.2699625492095947,5.427797794342041,5.22415018081665,4.106870174407959,10,Good
48390,14.0,13.940002,13.889984,13.600006,13.76001,10.886669,5.3224564,7.226944,26.411057,12.338638,0.0,0.0,0.0,1.0,1.0,0.71157837,0.7105408,0.72946167,0.67788696,1.066864,0.27510643005371094,0.16948498785495758,0.34508439898490906,0.251803994178772,0.28645575046539307,0.5880528688430786,110,Good
78451,13.660004,13.269989,13.139984,12.790009,12.429993,0.002861023,0.005722046,0.13065338,0.53691864,0.06866455,1.0,2.0,1.0,1.0,1.0,2.4231567,2.1273499,2.0884094,1.9147339,1.8068237,1.2418432235717773,1.7292429208755493,1.9323797225952148,1.5502897500991821,1.4673668146133423,3.6918485164642334,210,Good
52133,18.079987,18.480011,18.829987,19.420013,19.600006,0.0,7.2598457,0.01001358,0.2374649,0.6456375,0.0,1.0,1.0,1.0,1.0,0.14749146,0.49850464,0.84747314,1.2865295,1.3237,6.872798442840576,10.941009521484375,17.710800170898438,8.664200782775879,3.9754562377929688,6.013228416442871,190,Good
76935,16.880005,16.670013,16.630005,16.700012,17.299988,1.1615753,0.29802322,0.19598007,16.091347,0.038146973,0.0,0.0,0.0,0.0,0.0,0.32052612,0.05947876,0.030517578,0.14108276,0.6531372,0.5019293427467346,0.6733039617538452,1.0409201383590698,0.5422456860542297,0.20484307408332825,1.4189753532409668,190,Good
23001,14.029999,14.079987,13.920013,13.529999,12.959991,0.0076293945,0.0,0.0,0.0,6.7896843,0.0,0.0,0.0,0.0,0.0,0.08105469,0.15841675,0.19107056,-0.01473999,-0.2826538,1.9921112060546875,2.2609124183654785,1.496073842048645,2.6050283908843994,2.0593087673187256,6.42929220199585,190,Good
58040,17.559998,17.48999,17.380005,17.76001,17.869995,0.0023841858,0.038146973,5.628109,14.577389,0.42152405,0.0,0.0,0.0,0.0,0.0,0.13421631,0.12631226,0.073150635,0.5210571,0.8200073,2.3430516719818115,0.5739166140556335,0.37665465474128723,11.590123176574707,1.6162903308868408,2.1671948432922363,190,Good
54111,10.359985,10.26001,10.100006,10.410004,10.019989,1.4896393,1.642704,1.57547,8.442402,0.39625168,0.0,0.0,0.0,0.0,0.0,-0.012634277,-0.037353516,-0.15631104,0.2842102,0.106292725,3.0933077335357666,2.004770278930664,6.582264423370361,1.8793673515319824,2.315765380859375,3.581834554672241,200,Good
47196,12.269989,12.320007,12.429993,12.220001,11.859985,0.0,0.0,0.0,0.0743866,0.9818077,1.0,1.0,1.0,0.0,0.0,1.334198,1.5057983,1.7605286,1.707367,1.5441895,2.1516835689544678,2.2778828144073486,2.1171889305114746,1.8774324655532837,2.407386541366577,3.277778148651123,190,Good
49745,17.519989,17.809998,17.639984,17.519989,16.420013,1.0485649,0.002861023,0.0,0.02670288,0.0,0.0,0.0,1.0,0.0,1.0,1.8163147,2.1600037,1.9968262,1.9747314,1.0047607,1.0720317363739014,0.6674246788024902,0.6135910749435425,0.7641867995262146,0.827515184879303,0.7525399327278137,130,Good
74175,16.959991,16.829987,16.730011,16.440002,15.950012,0.00333786,2.8738976,0.3142357,0.0019073486,0.37288666,1.0,1.0,1.0,1.0,1.0,1.9599915,1.9236755,1.9331665,1.9531555,1.730011,2.5440773963928223,2.6826791763305664,1.7465400695800781,1.9950512647628784,7.984318733215332,2.563507318496704,190,Good
67105,15.119995,15.139984,15.170013,15.049988,15.26001,0.016212463,0.031471252,0.11396408,0.0,0.0,1.0,1.0,1.0,2.0,1.0,2.2799988,2.405243,2.4994812,2.5457764,3.0321045,1.2963472604751587,1.2686347961425781,1.2793763875961304,1.2302899360656738,0.6258301138877869,1.5767149925231934,210,Good
48401,14.399994,14.26001,14.100006,13.769989,13.820007,13.854504,5.496502,9.276867,30.941486,13.550758,0.0,0.0,0.0,0.0,0.0,0.85632324,0.7831726,0.70526123,0.6405029,0.92211914,0.3475043773651123,0.2716893255710602,0.3415564298629761,0.33814406394958496,0.522413969039917,0.5965835452079773,200,Good
78432,14.040009,13.980011,13.859985,13.179993,12.850006,0.0,0.0009536743,0.0,0.29420853,0.039100647,-9.223372036854776e+18,-9.223372036854776e+18,-9.223372036854776e+18,-9.223372036854776e+18,-9.223372036854776e+18,2.5542297,2.5894775,2.5736694,2.0526123,1.9773865,5.766796112060547,4.516112804412842,6.274636268615723,2.1274893283843994,1.8593101501464844,6.14418363571167,210,Good
37051,16.130005,16.070007,15.889984,15.139984,15.630005,0.079631805,0.0014305115,6.4344406,1.9388199,0.0009536743,1.0,0.0,0.0,1.0,2.0,2.0552673,2.04422,1.9620972,1.4057617,2.1799927,6.5636820793151855,9.083403587341309,7.53348445892334,9.044573783874512,3.358276128768921,4.717215061187744,200,Good
44876,20.720001,20.399994,20.079987,19.880005,20.109985,0.00667572,0.0,0.0,3.060341,5.522728,2.0,2.0,2.0,1.0,3.0,2.6094666,2.3294678,2.0652466,1.9168396,2.3052368,0.7250857353210449,2.826672315597534,2.049365758895874,4.717123985290527,2.004211664199829,0.9014571905136108,11,Good
53818,18.019989,17.929993,17.809998,18.089996,18.040009,0.008583069,0.0,0.0,0.0009536743,0.0,0.0,1.0,1.0,0.0,0.0,1.0264893,0.91000366,0.7090149,0.86099243,0.54000854,24.49552345275879,13.865921974182129,21.513626098632812,12.600854873657227,5.391747951507568,8.956777572631836,190,Good
48397,14.309998,14.209991,14.059998,13.709991,13.920013,5.496502,9.276867,1.3365746,2.3226738,1.0976791,0.0,0.0,0.0,1.0,1.0,0.8468323,0.8126221,0.74209595,0.6452637,1.0921326,0.27510643005371094,0.31726881861686707,0.6543520092964172,0.34916260838508606,0.4409436285495758,0.5880528688430786,190,Good
7257,11.309998,11.059998,10.51001,10.179993,9.619995,0.0,0.00047683716,0.19168854,0.0,0.0,0.0,0.0,0.0,0.0,0.0,0.9700012,0.7631531,0.27999878,0.12841797,-0.19580078,2.1063132286071777,1.7841347455978394,1.849921464920044,2.1786434650421143,1.5999619960784912,3.6902947425842285,190,Good
33631,18.609985,18.579987,18.480011,18.339996,18.369995,0.0,0.0,0.0,0.0023841858,0.009059906,0.0,0.0,0.0,0.0,0.0,0.46209717,0.4163208,0.3305359,0.29421997,0.40368652,1.1255054473876953,0.7668595314025879,0.6982077360153198,0.8596943020820618,1.571711778640747,1.1998217105865479,190,Good
43406,14.76001,14.709991,14.410004,14.070007,14.049988,0.04053116,0.0,0.0,0.036239624,0.0,1.0,1.0,1.0,0.0,0.0,2.0552673,2.130005,1.7952576,1.4631653,1.7147217,1.4016937017440796,2.062764883041382,2.3526153564453125,1.4603809118270874,1.6773078441619873,2.4730403423309326,190,Good
8688,12.839996,12.850006,12.709991,12.179993,11.519989,0.0,0.15687943,0.0,0.012874603,0.13589859,0.0,0.0,0.0,0.0,0.0,-0.24789429,-0.08050537,-0.14001465,-0.49105835,-0.8326416,1.899207592010498,2.227341413497925,2.4955637454986572,2.5175042152404785,2.1489808559417725,3.333883762359619,190,Good
33866,19.190002,18.959991,19.190002,19.220001,18.950012,0.23365021,2.603531,2.6812553,9.7332,0.0,0.0,0.0,0.0,0.0,0.0,0.29104614,0.07684326,0.3000183,0.35211182,0.0821228,13.886065483093262,4.3206400871276855,7.95984411239624,4.5920891761779785,1.7604731321334839,5.867753982543945,200,Good
16419,15.070007,15.01001,14.73999,14.48999,14.649994,0.0009536743,0.030994415,0.0,2.3069382,0.0,0.0,0.0,0.0,0.0,0.0,0.7468567,0.7937012,0.56051636,0.4547119,0.8815613,0.5034618973731995,0.5326061248779297,0.6331310868263245,0.46432432532310486,0.5967121124267578,0.8011742830276489,200,Good
43819,17.700012,18.519989,18.529999,17.910004,17.809998,0.3619194,2.254486,0.0,0.060081482,0.42772293,2.0,2.0,2.0,2.0,1.0,1.6384277,2.5057983,2.6157837,2.1452637,2.2521057,1.8926920890808105,2.1965322494506836,7.427935600280762,4.863466739654541,5.9759416580200195,3.776331901550293,190,Caution
36292,12.769989,13.029999,12.910004,12.600006,11.920013,0.19311905,0.012874603,0.0,0.65374374,12.007713,0.0,0.0,1.0,1.0,1.0,1.1357727,1.4757996,1.4479065,1.3189392,0.8963318,2.478719472885132,1.9826520681381226,2.3490593433380127,2.1301300525665283,2.888655185699463,1.9674886465072632,190,Good
80987,19.600006,19.670013,19.579987,19.109985,18.459991,0.16355515,0.024795532,0.0019073486,0.0,5.48172,2.0,2.0,3.0,2.0,2.0,3.171051,3.2937012,3.3036804,2.939972,2.5484314,7.504075527191162,2.1789023876190186,2.0327680110931396,2.136793851852417,2.3027985095977783,4.841155529022217,11,Caution
43150,17.070007,16.859985,16.679993,16.950012,16.399994,0.0,0.0,0.0,0.05340576,0.42247772,1.0,1.0,1.0,1.0,1.0,1.6689453,1.475769,1.2999878,1.6384277,1.4121094,5.111203670501709,2.914381742477417,8.047225952148438,12.245035171508789,8.070642471313477,4.664986610412598,190,Good
32168,17.339996,17.23999,16.98999,16.269989,15.98999,0.0,0.00047683716,0.81062317,0.10108948,1.7352104,2.0,1.0,0.0,0.0,0.0,1.2799988,1.2452393,1.0505066,0.44000244,0.28631592,3.2266132831573486,0.8136119842529297,0.8135312795639038,2.2693119049072266,2.1100316047668457,2.729940414428711,190,Good
53824,17.790009,17.850006,17.859985,18.190002,18.309998,0.25987625,0.0014305115,0.32758713,0.0,0.0,1.0,0.0,1.0,1.0,1.0,0.6665039,0.6914978,0.6839905,0.8640137,0.80648804,1.879856824874878,1.375741720199585,3.8250744342803955,2.162038803100586,1.2638704776763916,2.406904458999634,190,Good
75764,17.459991,17.399994,17.359985,16.899994,16.570007,0.24461746,0.0,0.0,0.0,2.5439262,0.0,0.0,0.0,0.0,0.0,0.85839844,0.8562927,0.848938,0.52893066,0.36791992,0.6371321678161621,0.8138550519943237,0.5542970299720764,0.9084596037864685,0.9431195855140686,1.81577730178833,190,Good
58793,16.290009,16.339996,16.119995,16.029999,15.899994,0.0076293945,0.01001358,0.12683868,0.024795532,8.239746,0.0,0.0,0.0,0.0,0.0,-0.29052734,-0.2678833,-0.5468445,-0.64105225,-0.7642212,0.4805542528629303,0.5668445825576782,0.43433281779289246,0.3602775037288666,0.3956259489059448,1.4615334272384644,10,Good
64824,19.980011,20.01001,19.850006,19.809998,19.920013,0.111579895,0.7362366,0.20647049,0.81539154,0.579834,2.0,2.0,2.0,2.0,2.0,2.4284363,2.4642334,2.2799988,2.1931458,2.2426453,3.2566912174224854,7.917036056518555,4.864221096038818,3.0839996337890625,1.8791821002960205,2.5447750091552734,200,Good
73856,14.929993,13.940002,13.880005,13.920013,13.820007,0.094890594,0.37622452,3.1366348,9.602547,0.6837845,0.0,0.0,0.0,0.0,0.0,0.7020874,-0.21157837,-0.19631958,0.06845093,0.2673645,0.21620310842990875,1.1486178636550903,0.33926263451576233,0.33718061447143555,0.41824427247047424,0.6422169208526611,210,Good
67509,15.070007,14.899994,14.899994,13.980011,13.880005,0.0,0.0,0.009059906,0.14638901,0.0038146973,0.0,0.0,0.0,0.0,0.0,0.19421387,0.12524414,0.215271,-0.50735474,-0.32104492,19.14268684387207,32.440555572509766,38.77310562133789,28.229841232299805,32.23579025268555,9.437004089355469,210,Good
47213,12.700012,12.649994,12.639984,12.399994,11.799988,0.0,0.0,0.0,0.10728836,12.828827,1.0,1.0,1.0,1.0,1.0,1.2142334,1.2594604,1.3536682,1.2726135,0.92736816,2.9478280544281006,2.9086434841156006,3.0530686378479004,2.146946430206299,2.7028045654296875,3.797464609146118,190,Good
8668,12.359985,12.220001,12.339996,12.130005,11.119995,2.3498535,0.0,0.0,0.0,0.05054474,0.0,0.0,0.0,0.0,0.0,-0.39263916,-0.48736572,-0.26843262,-0.3352661,-1.1273804,0.26417484879493713,0.48196473717689514,0.4994135797023773,0.47490033507347107,0.7800549864768982,0.712708592414856,200,Good
77834,16.359985,16.369995,16.200012,16.339996,15.820007,0.0,0.0,0.00047683716,0.600338,1.3494492,1.0,1.0,1.0,0.0,0.0,0.84747314,0.83950806,0.6870117,0.7795105,0.21652222,0.3773428201675415,0.3071877658367157,0.3888910710811615,0.44468167424201965,0.4109061360359192,0.971909761428833,200,Good
47221,12.450012,12.440002,12.350006,12.029999,11.690002,0.0,0.0,0.0,0.33473969,1.0938644,1.0,1.0,1.0,1.0,1.0,1.1915894,1.2805176,1.2757874,1.126831,1.0257874,2.567039966583252,1.405178427696228,2.397711992263794,2.1498122215270996,2.68013596534729,5.3137898445129395,180,Good
67505,16.51001,16.350006,15.889984,15.029999,14.959991,0.0,0.0,0.0,0.013828278,0.0,1.0,0.0,0.0,0.0,0.0,1.3468628,1.2337036,0.814209,0.09790039,0.32843018,24.138099670410156,29.888168334960938,37.835208892822266,23.684436798095703,34.60284423828125,25.212566375732422,210,Good
64038,17.230011,16.600006,16.070007,16.0,15.980011,0.0,0.0,0.00047683716,0.023841858,0.1578331,1.0,1.0,1.0,1.0,1.0,2.452118,1.8184204,1.3057861,1.3326416,1.552124,0.8319671750068665,0.5170450806617737,0.4957388937473297,0.5024202466011047,1.7678382396697998,1.5967224836349487,190,Good
62894,21.470001,21.389984,20.730011,20.179993,19.670013,0.035762787,0.85544586,0.26130676,0.0,0.00047683716,1.0,1.0,1.0,1.0,1.0,3.7247314,3.6747131,3.080536,2.649475,2.4510803,2.516716718673706,4.1093549728393555,2.3487229347229004,3.099661111831665,2.485781192779541,9.884716987609863,190,Good
75728,14.75,14.459991,14.130005,13.709991,13.809998,0.0,0.02670288,0.0,1.7466545,0.9622574,0.0,0.0,0.0,0.0,0.0,-0.049468994,-0.33999634,-0.65841675,-0.94317627,-0.6842041,0.9113110899925232,1.1815389394760132,1.2771633863449097,0.1632571667432785,0.1962834745645523,2.0493826866149902,11,Good
7314,9.940002,9.869995,9.660004,9.029999,8.670013,1.6307831,0.0,0.0042915344,0.0023841858,0.0,0.0,0.0,0.0,0.0,0.0,-0.72473145,-0.7468567,-0.8184204,-1.3442078,-1.4915771,0.5880703926086426,1.285300374031067,0.649167001247406,1.3202472925186157,1.660523772239685,0.7643725872039795,11,Good
43536,17.880005,17.690002,18.049988,17.950012,17.070007,0.0,0.05054474,0.015258789,0.0,0.0019073486,2.0,2.0,2.0,1.0,1.0,2.1705322,2.0815735,2.577362,2.5168457,1.9168396,4.362141132354736,3.0932960510253906,2.3644580841064453,9.24993896484375,10.511073112487793,8.046295166015625,190,Good
80400,13.26001,13.149994,13.109985,13.570007,13.709991,2.193451,1.2412071,0.0,0.25749207,8.234501,0.0,0.0,0.0,0.0,1.0,0.090545654,0.009979248,-0.0005493164,0.5957947,0.96261597,0.8503528833389282,0.6546453833580017,0.4688757658004761,0.890899658203125,0.5168886780738831,3.035508155822754,200,Good
51661,19.109985,19.200012,19.279999,18.970001,18.529999,0.15974045,1.3933182,0.0,0.0,0.0,1.0,2.0,2.0,1.0,0.0,1.4752502,1.5236816,1.6141968,1.2315674,0.8826294,1.1191439628601074,2.1092965602874756,2.039851427078247,1.869376540184021,7.639141082763672,1.4537107944488525,190,Caution
67331,15.309998,14.980011,14.929993,14.980011,14.829987,0.0009536743,0.00047683716,0.0,0.0,0.016212463,2.0,2.0,2.0,1.0,1.0,2.0689392,1.816864,1.8920898,2.149475,2.2736816,0.9535845518112183,0.7659196257591248,0.667529821395874,2.705263376235962,0.7022202610969543,2.616504430770874,200,Good
44001,16.279999,16.790009,16.829987,17.320007,16.950012,0.6918907,1.0223389,0.023841858,0.116825104,0.062465668,1.0,1.0,1.0,1.0,1.0,0.82632446,1.378418,1.5178833,2.1184387,1.8263245,1.1219971179962158,0.3982177674770355,0.19619090855121613,0.5217882990837097,0.556978702545166,1.5980206727981567,130,Good
55784,14.25,14.25,14.130005,14.910004,14.299988,5.1226616,0.0047683716,0.9803772,0.0,0.07581711,0.0,0.0,0.0,0.0,0.0,0.025787354,0.12841797,0.043151855,0.96157837,0.6015625,0.6205381751060486,0.9376571178436279,0.8032949566841125,0.3970775604248047,0.28241872787475586,0.6634265184402466,190,Good
44002,16.76001,17.109985,16.980011,17.420013,17.209991,0.6918907,1.0223389,0.023841858,0.116825104,0.062465668,1.0,1.0,1.0,1.0,1.0,1.3505249,1.7341919,1.6958008,2.216858,2.0031433,1.1219971179962158,0.41706475615501404,0.1822178065776825,0.5217882990837097,0.556978702545166,1.5980206727981567,40,Good
42706,16.440002,16.309998,16.25,16.049988,15.299988,0.89788437,0.0,0.04529953,0.03194809,1.5459061,2.0,2.0,2.0,2.0,1.0,2.667389,2.5831604,2.6010437,2.512085,1.9436646,1.5130958557128906,0.7983224987983704,2.5637776851654053,1.55018949508667,1.1043380498886108,1.5619548559188843,190,Good
77886,17.609985,17.549988,17.519989,17.540009,17.5,0.0019073486,0.010967255,0.0038146973,0.17023087,1.6307831,0.0,0.0,0.0,0.0,0.0,0.18847656,0.04498291,-0.0625,-0.15698242,-0.41900635,2.842906951904297,2.4309329986572266,1.828377604484558,1.9111332893371582,2.2135918140411377,3.72391939163208,190,Good
58810,17.089996,16.959991,16.73999,16.450012,16.059998,0.014781952,0.002861023,0.0052452087,0.111579895,0.3466606,0.0,0.0,0.0,0.0,0.0,0.4484253,0.2857666,0.027893066,-0.35736084,-0.7678833,0.3179987668991089,0.2745473086833954,0.25458207726478577,0.29958245158195496,0.300409734249115,0.7969008684158325,130,Good
10374,17.470001,17.320007,17.139984,16.070007,15.619995,0.002861023,0.0,0.0,0.0910759,0.005722046,0.0,0.0,0.0,0.0,0.0,0.5852661,0.52316284,0.4189148,-0.41629028,-0.72946167,7.078917980194092,2.4934613704681396,6.415865898132324,10.995782852172852,6.836496353149414,6.392914295196533,190,Good
67207,14.600006,14.389984,13.98999,13.299988,12.910004,0.041007996,0.0014305115,0.0,0.0047683716,0.0,1.0,1.0,1.0,1.0,1.0,1.586853,1.5047302,1.1663208,0.72210693,0.7626343,1.0917152166366577,0.9839829802513123,0.6856182217597961,1.0507358312606812,0.8611300587654114,2.119405746459961,210,Good
49404,17.98999,18.029999,17.950012,17.630005,16.910004,0.02670288,0.0,0.0,0.0,0.0,1.0,1.0,1.0,1.0,1.0,2.6915588,2.7963257,2.795807,2.6552734,2.121582,1.0730822086334229,1.7418872117996216,1.0800610780715942,1.0289868116378784,1.5110818147659302,1.0748915672302246,190,Good
16728,18.350006,18.279999,18.089996,17.529999,16.369995,0.25367737,0.024795532,0.010967255,0.00333786,0.002861023,2.0,2.0,1.0,1.0,0.0,3.7637024,3.77948,3.6747437,3.1921082,2.2289429,0.6198877692222595,0.698290228843689,0.6580531597137451,0.5986800193786621,1.1948699951171875,0.7721042633056641,190,Good
76936,16.880005,16.670013,16.630005,16.700012,17.299988,1.1615753,0.29802322,0.19598007,16.091347,0.038146973,0.0,0.0,0.0,0.0,0.0,0.32052612,0.05947876,0.030517578,0.14108276,0.6531372,0.5019293427467346,0.8359672427177429,1.0409201383590698,0.5422456860542297,0.20484307408332825,1.4189753532409668,210,Good
62984,18.839996,18.5,17.899994,18.880005,18.329987,0.0667572,0.049591064,0.24557114,0.65231323,0.0,1.0,1.0,1.0,2.0,1.0,2.7494812,2.4036865,1.8373718,2.8563232,2.5289307,2.068080186843872,1.1211563348770142,2.1995997428894043,5.117760181427002,1.5502674579620361,4.414018630981445,190,Good
63051,19.869995,19.839996,19.889984,19.829987,19.049988,0.029087067,0.00047683716,0.0,0.0,0.66185,3.0,3.0,2.0,2.0,2.0,3.5778809,3.6078796,3.6668396,3.7357788,3.1110535,1.64006507396698,1.5592986345291138,1.3491004705429077,1.4453333616256714,1.0310612916946411,2.2162911891937256,190,Good
67046,14.070007,14.049988,13.929993,13.779999,13.470001,0.010967255,0.10347366,0.0,0.0,0.0,1.0,1.0,1.0,1.0,1.0,1.6647339,1.7194519,1.663147,1.7184143,1.6505432,1.2526872158050537,1.3633238077163696,1.3951008319854736,0.8080078959465027,1.1982144117355347,2.184490442276001,210,Good
74293,17.230011,16.709991,16.450012,16.190002,15.600006,0.002861023,0.0,0.12302399,0.4644394,0.00047683716,2.0,2.0,1.0,1.0,1.0,2.1373901,1.6489258,1.509491,1.4779053,1.292633,1.7386213541030884,1.8839426040649414,1.7966008186340332,1.523936152458191,1.184799313545227,2.1080613136291504,180,Good
52033,17.609985,17.690002,17.809998,17.850006,18.48999,4.034519,0.16498566,0.30612946,0.3824234,3.0150414,1.0,0.0,0.0,0.0,1.0,0.12149048,0.22201538,0.2875061,0.299469,0.933136,2.345606565475464,1.2711092233657837,0.7345805168151855,1.2999225854873657,1.3422355651855469,2.209592580795288,190,Good
14911,13.420013,13.480011,13.429993,13.0,12.339996,17.850399,3.0851364,0.0,0.0,0.31661987,1.0,1.0,1.0,1.0,0.0,2.0563354,2.1810608,2.1921082,1.9431458,1.6594849,1.8222819566726685,3.2176320552825928,2.7252471446990967,2.0489933490753174,4.47828483581543,6.404531002044678,130,Good
19116,19.029999,19.130005,19.299988,19.709991,19.839996,1.311779,15.370846,2.8619766,0.014781952,0.93078613,1.0,1.0,1.0,1.0,2.0,1.0599976,1.2031555,1.3978882,1.8452454,2.1752625,3.5631542205810547,3.485708475112915,2.7582895755767822,1.5836288928985596,1.6164542436599731,2.296687126159668,200,Good
24733,15.48999,15.559998,15.5,14.970001,15.269989,7.247448,0.07772446,0.3671646,0.34952164,3.9916039,0.0,0.0,0.0,0.0,0.0,0.13421631,0.2505188,0.17736816,-0.34527588,0.05368042,0.3080590069293976,0.416734516620636,0.555401086807251,0.6481486558914185,0.4429556727409363,0.6245918869972229,190,Good
77955,16.329987,16.290009,16.160004,16.079987,15.959991,3.5853386,0.5750656,0.00047683716,0.0,0.0,-9.223372036854776e+18,-9.223372036854776e+18,-9.223372036854776e+18,-9.223372036854776e+18,-9.223372036854776e+18,0.3954773,0.32400513,0.14501953,0.0029907227,-0.18701172,0.5197908878326416,0.5259402990341187,0.5569545030593872,0.7007441520690918,0.4874420762062073,1.0991393327713013,10,Good
61256,13.769989,13.929993,14.019989,13.470001,12.950012,0.35476685,4.7945976,6.986618,17.189503,0.35953522,1.0,0.0,0.0,0.0,0.0,0.54263306,0.7178955,0.9483948,0.5679016,0.27160645,0.28594622015953064,0.46635082364082336,0.33855313062667847,0.4500628113746643,0.42121076583862305,0.5014962553977966,40,Good
36389,11.51001,11.23999,11.059998,10.540009,10.730011,0.0,0.023841858,0.28467178,0.015258789,10.360241,1.0,1.0,1.0,0.0,0.0,1.7773743,1.5626221,1.4984131,1.1257935,1.557373,2.392155885696411,1.453939437866211,1.241513729095459,0.7343263626098633,0.805504322052002,5.05309534072876,200,Good
44056,19.480011,18.98999,18.809998,18.440002,18.410004,0.17356873,0.0,0.00667572,0.56123734,0.02336502,2.0,2.0,2.0,2.0,2.0,2.4515991,2.0073547,1.871582,1.5379028,1.7279053,3.140984535217285,1.4200760126113892,2.431333065032959,1.773840308189392,1.7411165237426758,2.907768487930298,190,Good
79783,16.75,16.619995,16.579987,15.709991,15.290009,0.0014305115,0.011920929,0.6093979,0.20694733,0.0166893,1.0,1.0,1.0,1.0,1.0,2.0321045,2.0373535,2.1489258,1.5005188,1.3279114,4.568368911743164,4.579076766967773,5.262771129608154,6.981602191925049,5.571025371551514,4.151419162750244,210,Good
59750,18.51001,18.480011,18.429993,18.450012,18.649994,0.26893616,0.015258789,0.008106232,2.3288727,0.04673004,1.0,1.0,1.0,1.0,1.0,1.3900146,1.3275146,1.2590027,1.131012,1.1589966,1.531347393989563,1.5434057712554932,1.8682866096496582,1.2991098165512085,0.833779513835907,2.1563308238983154,190,Good
32234,18.309998,18.339996,18.279999,16.209991,15.019989,0.23698807,0.0042915344,0.018119812,0.092983246,0.04339218,0.0,0.0,0.0,0.0,0.0,1.8920898,2.077362,2.1026306,0.13000488,-0.9000244,1.8276660442352295,0.9504650235176086,1.5691516399383545,0.8126245737075806,1.5486161708831787,2.7040939331054688,11,Good
59809,17.529999,17.600006,17.579987,17.700012,17.790009,0.4310608,0.0071525574,0.002861023,0.45967102,0.056266785,1.0,1.0,1.0,1.0,1.0,0.7455139,0.79000854,0.7174988,0.77752686,0.8005066,1.4462217092514038,0.5899029970169067,1.2920058965682983,0.5199223756790161,0.44497451186180115,1.634682059288025,130,Good
84076,15.880005,16.149994,16.309998,16.720001,16.809998,0.24223328,1.9927025,0.13542175,2.6555061,8.2268715,-9.223372036854776e+18,-9.223372036854776e+18,-9.223372036854776e+18,-9.223372036854776e+18,-9.223372036854776e+18,-0.6910095,-0.50201416,-0.37399292,-0.041503906,-0.22250366,15.84589672088623,31.183414459228516,14.481931686401367,2.6226918697357178,22.677324295043945,9.03939151763916,210,Good
63943,18.279999,18.109985,17.880005,17.859985,17.450012,0.0,0.0,0.0,0.108242035,0.5950928,1.0,1.0,1.0,1.0,0.0,2.0,1.7757874,1.5694885,1.5368347,1.0036926,0.36771586537361145,0.38310033082962036,0.3906245827674866,0.3699668049812317,0.2835240662097931,1.1623362302780151,200,Good
63860,16.130005,16.100006,16.399994,17.0,17.160004,0.014305115,0.17786026,0.5249977,0.3709793,0.01335144,0.0,0.0,0.0,0.0,0.0,-0.39578247,-0.35684204,-0.02420044,0.49368286,0.7489624,0.45197516679763794,0.48088106513023376,0.45546457171440125,0.3435066342353821,0.4398649334907532,2.4515979290008545,190,Good
17769,17.089996,16.769989,16.559998,16.589996,16.230011,0.8392334,0.23555756,0.87308884,1.5282631,0.012397766,0.0,0.0,0.0,1.0,0.0,1.156311,0.9147339,0.75631714,0.8705139,0.63949585,0.6553557515144348,0.3066486120223999,0.3704890310764313,0.2989029586315155,0.22022227942943573,1.5045579671859741,200,Good
